{
  "latent_dim": 64,
  "image_size": 64,
  "epochs": 100,
  "batch": 256,
  "lr": 0.001,
  "seed": 0,
  "pos_weight": 15.0,
  "beta": 0.5,
  "final": {
    "epoch": 100,
    "train_bce": 1148.7428606702304,
    "train_kl": 146.45549069053249,
    "val_bce": 1695.5153806640626,
    "val_kl": 143.93306401367187,
    "elapsed_s": 264.9
  }
}