{
  "train_loss": [
    0.0719613694941049,
    0.028165335836890223,
    0.027110868002156594,
    0.026757298635917384,
    0.026560142373403272,
    0.026428665887486113,
    0.026287422165856347,
    0.026325183240948496,
    0.0295835325086081,
    0.02655381874346339,
    0.02638642002713752,
    0.026236457369841256,
    0.02615877132381763,
    0.026110414538655553,
    0.026083007549962123,
    0.02604493165427858,
    0.02606672843968546,
    0.026164816591787984,
    0.0259884499606338,
    0.025982125765747495,
    0.026612504494485555,
    0.025920002539460366,
    0.025884883444722707,
    0.0259168462788647,
    0.025863233204181487,
    0.025807048661170062,
    0.025793929050142342,
    0.025751233626682836,
    0.025803563808714663,
    0.02575999819995226,
    0.025684099443055487,
    0.025686227931856393,
    0.025677532226115733,
    0.025649184534499596,
    0.025603262469866075,
    0.02558324133065549,
    0.025534174665137455,
    0.02554812743789978,
    0.025486226406160956,
    0.02560127072886483
  ],
  "val_loss": [
    0.030014391799094313,
    0.02790907514676199,
    0.02736076460046283,
    0.027225916005544745,
    0.026956838350427354,
    0.02687898953839884,
    0.026727475099644418,
    0.28999066605406293,
    0.027170561285594762,
    0.026910145435545405,
    0.026773834727325682,
    0.02667928850120407,
    0.026644323747289384,
    0.026558336217777204,
    0.026713860363273296,
    0.026538422899478574,
    0.026928656403038462,
    0.0265265360664008,
    0.026560596553450923,
    0.027086903293759138,
    0.0265568247917345,
    0.02651453052915759,
    0.026470609261827954,
    0.02644497648639194,
    0.026422326784517804,
    0.026403805019996934,
    0.02639809456038273,
    0.026432195930915364,
    0.026416502861400782,
    0.02646145575001078,
    0.026397706309365013,
    0.026388104373620727,
    0.026373599229727762,
    0.02635422926711834,
    0.02638981529211594,
    0.026398573133905055,
    0.026454563015850925,
    0.0263487437455836,
    0.026530306533736697,
    0.05855234522940749
  ]
}