{
  "train_loss": [
    1.124734424089602,
    1.0941078923117946,
    0.9948539210597115,
    0.7958102181483883,
    0.6659735067629479,
    0.5553422704548903,
    0.5041783261746867,
    0.489665364995249,
    0.44843016222049376,
    0.42213079662110325,
    0.3709523701611819,
    0.23998481619386047,
    0.1322559273403855,
    0.07874601670134236,
    0.05344766293140784,
    0.04514145260204522,
    0.05276968516409397,
    0.056409471602716914,
    0.059642387624007996,
    0.04204959339274207,
    0.021599374630624,
    0.0074465491561909935,
    0.004663547256659769,
    0.003845153292291251,
    0.0030993876936124035,
    0.0028365405334898667,
    0.0024033944060186476,
    0.0018544337420370166,
    0.002011870644262996,
    0.0017787118107867492,
    0.001691987722163294,
    0.0014360198371785697,
    0.0015190685238413723,
    0.0016569460855858148,
    0.0013348328598945494,
    0.0015164223318414527,
    0.0014732990232449322,
    0.0015107833269596572,
    0.0012454427732264037,
    0.0012031932542605562,
    0.001170600643119132,
    0.001274694562228309,
    0.0012532980714163836,
    0.001219674549858029,
    0.0011181077308310065,
    0.0011398399503138616,
    0.001256558695559919,
    0.0011281243042021273,
    0.0011351307529678454,
    0.0011714348542731377,
    0.0009890187932331412,
    0.0009579501943356695,
    0.000995210502810444,
    0.0010254247832230069,
    0.0009711101733720884,
    0.0010298405501482125,
    0.0010114277670916362,
    0.0009549711112199709,
    0.000963255999847031,
    0.0008817308865478831
  ],
  "val_loss": [
    1.1177541786118557,
    1.1090234957243268,
    1.4245746825870715,
    1.5661583511452926,
    2.047824895695636,
    1.8928270151740627,
    3.1748673602154383,
    2.3401494151667546,
    2.519905115428724,
    3.8913828871752085,
    3.016741892224864,
    3.6929599925091394,
    4.176423584160052,
    5.271182568449723,
    4.696224469887583,
    5.170729797137411,
    5.178668574282997,
    5.619360679074338,
    5.053372997986643,
    6.0487962145554395,
    5.49126892968228,
    5.601732912816499,
    5.723460529979906,
    5.708059273268047,
    5.717467565285532,
    5.729494527766579,
    5.71461934792368,
    5.732324619042246,
    5.726366275235226,
    5.671880740868418,
    5.643120477074071,
    5.631709437621267,
    5.5789542637373275,
    5.582029637537505,
    5.528313611683092,
    5.4972904983319735,
    5.423335476925499,
    5.491431248815436,
    5.360349372813576,
    5.334689065029747,
    5.329116331903558,
    5.350887819340355,
    5.294369678748281,
    5.311330996061626,
    5.249342818009226,
    5.1861134642048885,
    5.131282480139482,
    5.278370280014841,
    5.229769844757883,
    5.295472402321665,
    5.185819174114027,
    5.2155759899239795,
    5.186167302884553,
    5.2149630847730135,
    5.126748693616767,
    5.146928548812866,
    5.169318412479601,
    5.1175581593262525,
    5.053029731700295,
    5.059024177099529
  ]
}