{
  "train_loss": [
    0.44813880340066853,
    0.44838660114189266,
    0.3835409821358488,
    0.46062521419446184,
    0.32964974163975713,
    0.3527915368503675,
    0.35041729999880705,
    0.4012407502892056,
    0.3929268037931875,
    0.45114885266669763,
    0.36153187817274557,
    0.36197320044063114,
    0.4491203446382861,
    0.40144938127322444,
    0.341623314787761,
    0.3419998223996046,
    0.4080715535119552,
    0.37464709132965857,
    0.3482077621431067,
    0.4336118415014879,
    0.3661561549539893,
    0.35644390198759984,
    0.3448839821916888,
    0.35492600359816184,
    0.33162313016635564,
    0.39294847577956105,
    0.33611258858794507,
    0.3390023726514286,
    0.34623592830619554,
    0.33852317732978593,
    0.3481790086224333,
    0.33355399221462284,
    0.35119007874979846,
    0.32901361309858385,
    0.34931497474922735,
    0.3487440560673429,
    0.35636554471657694,
    0.3638292525466959,
    0.3445344101476364,
    0.35848286744567476,
    0.33404734146339266,
    0.33185435408122743,
    0.325329639631687,
    0.3332639912554856,
    0.32649278478107374,
    0.3606787916072383,
    0.35205288637972076,
    0.3315978112595845,
    0.3249212580154298,
    0.3181071890154233,
    0.32022535391530466,
    0.31450636032653295,
    0.3169246573599829,
    0.31381982589602514,
    0.32016184257527786,
    0.3062043273116935,
    0.30421411688273053,
    0.29960906086086464,
    0.29961536917800424,
    0.3060606109230062,
    0.29317224745827597,
    0.2972007258789944,
    0.2935055204417233,
    0.29006890065920365,
    0.2878958656795051,
    0.28951487199206705,
    0.2867231288259533,
    0.28602816506036927,
    0.29278351694042626,
    0.2830849115869628,
    0.28420029654061385,
    0.28569971941941474,
    0.28132026175112035,
    0.2810899475754137,
    0.2785078526429319,
    0.28066696201359637,
    0.27698197781389083,
    0.27861719596731427,
    0.27801350788779394,
    0.2770080244884394,
    0.27536669750387704,
    0.2753554470935261,
    0.2748354837034805,
    0.2758000963022263,
    0.2746088592168035,
    0.2741205126585528,
    0.2742731165663838,
    0.2735866980418972,
    0.27331286397898247,
    0.27307379000676857,
    0.2728751655142245,
    0.2728264547567597,
    0.27460834862349576,
    0.2726860295169372,
    0.27267572053805933,
    0.27258790943646816,
    0.2725780925099725,
    0.27256637459461697,
    0.27259161393692677,
    0.2725574042245684
  ],
  "val_loss": [
    0.46651751616362064,
    0.7315573433060636,
    1.2989622857779073,
    2.7914848988498453,
    9.729765796458034,
    14.646321821314439,
    1.0646250777915596,
    7.300846626509482,
    6.6356580740353195,
    67.5711464302372,
    84.2793775936688,
    12.1065402244454,
    40.72929954935493,
    4.122011281279867,
    3.295803731946803,
    3.0926392693509426,
    4.7490652375129745,
    8.57904605316455,
    1.080938179101517,
    6.693968703751879,
    6.516796455708648,
    1.2605770620455874,
    7.502957450809763,
    5.3816657147682045,
    2.3358971523577723,
    2.3647155121191226,
    3.039377920154824,
    0.9797615056861438,
    1.371429937734787,
    1.7552501367353428,
    5.387642511680944,
    2.753401580395729,
    2.2003249046899107,
    2.8521973334395807,
    2.950909993795952,
    2.416133465797408,
    0.643813473964805,
    3.628858360908687,
    1.905961134540501,
    3.4670975045608814,
    0.7446801062585957,
    0.960799273016102,
    1.0797272966360487,
    1.834289184765521,
    2.5839689906472083,
    1.939241303309703,
    3.4607442782631814,
    3.4227410206662565,
    5.973016736858181,
    1.5853224143798925,
    2.9450861721404835,
    1.9216466804048908,
    1.4942785803951435,
    1.7487886549313185,
    0.8514218700211694,
    1.182326885428764,
    2.17191840971965,
    1.1384566757978916,
    1.3468605366342865,
    1.160277645725177,
    2.5815557437156564,
    2.631395945416839,
    2.5941755486958065,
    1.29854483492593,
    2.353811596502373,
    1.512704411295177,
    2.2348752240382277,
    1.5980910970203912,
    1.468930414744786,
    3.585751408961282,
    3.3387875094342587,
    4.29510940315881,
    2.3970701297971484,
    3.019094598827077,
    2.4005633330802674,
    2.0963929352729815,
    1.1854520873474415,
    1.0727629343838072,
    1.137404782685644,
    0.9715995048917433,
    1.0650071717782823,
    0.9612768657171904,
    1.025009296850355,
    1.0264009671933108,
    0.747966281259492,
    0.7317435726173905,
    0.7071987752721254,
    0.7602031750719684,
    0.7246968317896064,
    0.7276791362111756,
    0.6948431474821908,
    0.7098189296244558,
    0.730407823250492,
    0.674535801161581,
    0.6679235132518353,
    0.6664644207781566,
    0.6645739020060882,
    0.6636607148754063,
    0.6619424359884851,
    0.6618193981489902
  ],
  "val_acc": [
    0.8554232829669391,
    0.8540660269987355,
    0.8559041386728348,
    0.8559091774893722,
    0.8559091774893722,
    0.8559091774893722,
    0.853402409472191,
    0.8559091774893722,
    0.8559091774893722,
    0.14409080109616587,
    0.14409080109616587,
    0.14409080109616587,
    0.14409080109616587,
    0.8559091774893722,
    0.4101533816694451,
    0.8559091774893722,
    0.8559091774893722,
    0.839689258573406,
    0.7539817026174908,
    0.4918584697790492,
    0.309555154047541,
    0.8551003738507025,
    0.34996596912839517,
    0.33461212323926914,
    0.8559091774893722,
    0.30692761818737363,
    0.8559091774893722,
    0.8541972083069368,
    0.7659469437497511,
    0.8532836256759253,
    0.1929172733063891,
    0.6026464292743822,
    0.5418492111442949,
    0.8114435851955211,
    0.8558610434979518,
    0.8559091774893722,
    0.8147806123629816,
    0.8559091774893722,
    0.40731578340916746,
    0.3104631488384214,
    0.7277014313984528,
    0.8559091774893722,
    0.8559091774893722,
    0.8559091774893722,
    0.8559091774893722,
    0.8559091774893722,
    0.8559091774893722,
    0.3810610930040193,
    0.29342252219409576,
    0.8559091774893722,
    0.8559091774893722,
    0.8559091774893722,
    0.8559091774893722,
    0.8559091774893722,
    0.8546728030450816,
    0.6030269408785204,
    0.8559091774893722,
    0.8559091774893722,
    0.8559070117692195,
    0.8434717756852921,
    0.8557662867279704,
    0.8559091774893722,
    0.8559091774893722,
    0.8559088654863809,
    0.8559091774893722,
    0.8559094062492029,
    0.8559091983319346,
    0.8559091765997506,
    0.8559091774893722,
    0.49158124304783624,
    0.500029681969299,
    0.4563523728583159,
    0.5325171824203117,
    0.5050411397205995,
    0.5325821795697405,
    0.5648803428800375,
    0.8542684818635872,
    0.8538734719697346,
    0.8558483979086886,
    0.8127221124512809,
    0.8558104714350914,
    0.841258789557638,
    0.8558968766920094,
    0.8558810598560488,
    0.8546412132187947,
    0.8498496587342544,
    0.8395977304942572,
    0.8500769044290474,
    0.8419778963396036,
    0.8527584814313632,
    0.8419184358135215,
    0.8527550247432326,
    0.8537890303617856,
    0.8429591745964246,
    0.8430527419423752,
    0.8414542952071883,
    0.8411436485074985,
    0.8407525164740426,
    0.8411343342968142,
    0.841045042599188
  ]
}