{
  "train_loss": [
    0.008632772702918345,
    0.004893707208780211,
    0.004774469774522221,
    0.004460922195645633,
    0.0044836735234720934,
    0.004855944629091381,
    0.004621785790867992,
    0.004254771650198903,
    0.004346415695887226,
    0.004047860453989523,
    0.004559748687906496,
    0.004293767137647565,
    0.004063752021140127,
    0.004009959764027996,
    0.00389550370511724,
    0.003893652173287388,
    0.003983045156711518,
    0.003740421079321584,
    0.0036935305827533577,
    0.004001063723881632,
    0.0036776139637205137,
    0.0037022372325465304,
    0.0036782006135405,
    0.0035014578850189253,
    0.0036786570623795044,
    0.0036275651993980603,
    0.003529021161983707,
    0.003412272395399302,
    0.0033801880894479023,
    0.003378667060716717,
    0.003302516438303265,
    0.0031721816161897646,
    0.003237397413450613,
    0.003247700873136854,
    0.0031563087067664115,
    0.0031286523792086476,
    0.0031088198562945002,
    0.0029848390241473247,
    0.0031082959456452683,
    0.0030767541559440876,
    0.0029561190619202915,
    0.0029177463860181507,
    0.002995059497084524,
    0.0029580323251464694,
    0.002900727915077178,
    0.0028809167291802256,
    0.002845477846228698,
    0.002875765352926926,
    0.0028405066530929127,
    0.0027722437299593393,
    0.0027978900462083183,
    0.0027998637706875356,
    0.0028207389752505654,
    0.0027335187830308926,
    0.002711983175197644,
    0.002670561509040087,
    0.002689114120205058,
    0.0026095342134306236,
    0.0026784773339142104,
    0.0026496709880432976
  ],
  "val_loss": [
    0.004031400991758953,
    0.001863135218930741,
    0.0031424062326550484,
    0.002042243751930073,
    0.003688635906049361,
    0.0018035065392420317,
    0.0015122688297803204,
    0.0014996779039696169,
    0.0017163061444686416,
    0.002944359575243046,
    0.002008603434660472,
    0.0022695093357469887,
    0.001527244051734063,
    0.0015475573139459204,
    0.001458007859279557,
    0.0014991112305627514,
    0.001632678746924891,
    0.0020089601991154873,
    0.0014348881874563328,
    0.0015387901318414758,
    0.0014621457776229363,
    0.0014318706671474501,
    0.0014530064193725896,
    0.0015041997685329989,
    0.0015034456446301192,
    0.00145922262527165,
    0.001437122361191238,
    0.0016176354887041573,
    0.001538422346735994,
    0.0015549074499479805,
    0.0014384553372413695,
    0.001446517637911408,
    0.0016836742797750048,
    0.0015606833597606358,
    0.0015039787807230216,
    0.0015335439748014323,
    0.0014640891373953007,
    0.0015063527219657165,
    0.0015775153806316666,
    0.0014342341746669263,
    0.0015915784339692134,
    0.0014901844697305933,
    0.0014346822584532977,
    0.0016738761551096104,
    0.0014658460810702916,
    0.0014516413442227833,
    0.0014577534590595558,
    0.0014832193313244109,
    0.0015739266333791118,
    0.0015132285964985688,
    0.0014552939804464888,
    0.0014713547740636084,
    0.0015012209842097946,
    0.001480344503458279,
    0.0016188130296844367,
    0.001546892941405531,
    0.0014833209303712163,
    0.0015201915715200205,
    0.0014829401698079892,
    0.0015191706018716407
  ]
}