{
  "train_loss": [
    0.30612727200931256,
    0.07478581038904977,
    0.06460965902463452,
    0.06351426209102164,
    0.0631394086925833,
    0.06307261865641978,
    0.06299371496066675,
    0.06286730808583466,
    0.0628463011850287,
    0.06271321150857408,
    0.06275459406925393,
    0.06284745163969449,
    0.06267169633650924,
    0.06282422300036605,
    0.06274865069860094,
    0.0627602652364128,
    0.06267134451472366,
    0.06272351502387731,
    0.06266111614288869,
    0.06277505404598362,
    0.06265121616713994,
    0.06269399938103673,
    0.06268338987732434,
    0.06266769293595005,
    0.0625798852370308,
    0.06262048323814934,
    0.06284250991346242,
    0.06269767999022573,
    0.06275745590885838,
    0.06265892935273526,
    0.06268327123857476,
    0.0626250261905136,
    0.06264614678538956,
    0.06266341243196537,
    0.06264170389007162,
    0.06274659807483356,
    0.06270412552553613,
    0.06267279865326467,
    0.06272720338569747,
    0.0626832823473233
  ],
  "val_loss": [
    0.1030053492572348,
    0.06724288308266867,
    0.06495943981207024,
    0.06457598791536638,
    0.06417515760256072,
    0.06405852987604627,
    0.06401096562207756,
    0.06393097126382892,
    0.06402542903009108,
    0.06400902556665873,
    0.06414214067034803,
    0.06398110199025121,
    0.06387356024677471,
    0.06394700996451459,
    0.06389652880824219,
    0.06385913781695447,
    0.06393116718884241,
    0.06380223634384447,
    0.06394648469858251,
    0.06380027431552693,
    0.06385288362280797,
    0.0638214662292246,
    0.06408064711396977,
    0.06378469470951517,
    0.06378523247726893,
    0.06382233845227855,
    0.06392559769042468,
    0.06452764955870176,
    0.06383526217886958,
    0.06382281320579981,
    0.06382500216112298,
    0.0638142195924864,
    0.06385553678718664,
    0.06377999175150516,
    0.06383007234435971,
    0.0638178177177906,
    0.06392894502160913,
    0.06379670618196666,
    0.06407247224854211,
    0.06388070017604505
  ]
}