{
  "train_loss": [
    0.2972066900844378,
    0.2811351675421781,
    0.2736080304829798,
    0.2699552278887452,
    0.2662032114102575,
    0.2638108858052273,
    0.26088062102166576,
    0.2583661624965426,
    0.2564199214465646,
    0.25538590737414374,
    0.2546561666360729,
    0.2531684724346349,
    0.25230940803400664,
    0.2512016685107845,
    0.2505183210227653,
    0.2498181660679176,
    0.24890792890372032,
    0.2484286845611316,
    0.2477201861735391,
    0.24719153137278171,
    0.24680490759662768,
    0.2465041439442148,
    0.2459026541596209,
    0.24565172445310893,
    0.245339137817996,
    0.24502709747430093,
    0.24485559686866032,
    0.24442288312776356,
    0.2442369367175883,
    0.2439097477603433,
    0.24354983008823158,
    0.2435067360893482,
    0.24318164218300933,
    0.2430205758391625,
    0.24295798597847315,
    0.24267633431467298,
    0.2425129410211183,
    0.2422005663985855,
    0.24204756804731703,
    0.2418515652468001,
    0.2417726505476428,
    0.24169949856300207,
    0.2414522903626305,
    0.24127437933645055,
    0.2411248908430299,
    0.24105336392157403,
    0.24092967582471442,
    0.2407795418179219,
    0.2406877508741215,
    0.24054604396016252,
    0.24048733077687076,
    0.24025984753084617,
    0.24026799570269736,
    0.24011466634286827,
    0.2400205584956625,
    0.23989567725875383,
    0.23979211050402743,
    0.2396943524097572,
    0.23953985499862535,
    0.2394793580973053
  ],
  "val_loss": [
    0.2811541097957627,
    0.27212228235632197,
    0.2764862583084066,
    0.2667844892568247,
    0.263917625099499,
    0.2610677611661497,
    0.258471318228801,
    0.25688800504485076,
    0.25511264790039806,
    0.2544263116838808,
    0.2540328646252317,
    0.25197625652999234,
    0.25155110201313347,
    0.25164232633344874,
    0.2498389237127284,
    0.24921834174584814,
    0.24831754073555562,
    0.2485848839515884,
    0.2479934570913631,
    0.2470579812359094,
    0.24692770511523995,
    0.24616083710710898,
    0.24646354033923137,
    0.2455745380903433,
    0.2452025184620676,
    0.2454060348885633,
    0.24521312764156739,
    0.2449282263300179,
    0.24433783897291428,
    0.24435327726643358,
    0.24428443215971812,
    0.24365997028043235,
    0.24335836534785119,
    0.24312001210159223,
    0.24365394664099493,
    0.24295419941079058,
    0.2437609070112606,
    0.24276571376754336,
    0.24273471328664792,
    0.2423285351278532,
    0.24246705966506776,
    0.24222651036900555,
    0.24205031180425718,
    0.24230337845237082,
    0.2418254348574468,
    0.24187992791742824,
    0.24154063041521537,
    0.24133821334758515,
    0.24278178921713836,
    0.241885189133735,
    0.2408367957784478,
    0.2412475791885829,
    0.2413791821874274,
    0.24116215914126884,
    0.24124140409716435,
    0.24060686309284884,
    0.2403542636302724,
    0.24044776723973685,
    0.24031691314390674,
    0.24015522312339574
  ]
}