{
  "train_loss": [
    0.20128812154099682,
    0.3340184691408891,
    0.23631176676607626,
    0.2289182463696346,
    0.25343208172499,
    0.3331676179501172,
    0.2409276811331769,
    0.248123678257705,
    0.451947407483848,
    0.27837406115629026,
    0.22199107401808998,
    0.22885487215719355,
    0.2185770621978431,
    0.2337353278332401,
    0.26430605386788963,
    0.28753350458174065,
    0.32222971061899924,
    0.24781787993331508,
    0.2237953621138733,
    0.24248161020993772,
    0.24191696903114715,
    0.33271016327719133,
    0.26620727483073386,
    0.2573332000827252,
    0.22315167740271452,
    0.2208420692763874,
    0.21175209121646252,
    0.2284779914588614,
    0.2465746760032619,
    0.29236233524939426,
    0.2593498841909437,
    0.2752421212671534,
    0.2539566649023953,
    0.2918101884618376,
    0.25109284066399834,
    0.2671494262367229,
    0.2540480241024515,
    0.27501167491259154,
    0.2580503750482713,
    0.26653894317212096,
    0.2542538984163795,
    0.25567779516998157,
    0.24969417375852992,
    0.25292208918614034,
    0.2505840587734763,
    0.24929047403033933,
    0.24915879379886896,
    0.24954623393262487,
    0.24965319582349918,
    0.2495396848851928
  ],
  "val_loss": [
    0.3290073011143535,
    0.41622430261443644,
    0.38167516025258047,
    0.2728712821708006,
    0.23420717830167098,
    0.25910188827444525,
    0.24792275950312614,
    0.5363443850302229,
    0.43131397898290674,
    0.8030952586262834,
    0.2961393479330867,
    0.40782380892949943,
    0.5464308247262356,
    0.40911321429645314,
    1.728346094196918,
    1.159309809698778,
    1.170739066951415,
    1.1084213154573066,
    0.32156137742248236,
    0.5076757952863095,
    0.6780922655381408,
    0.5490741167290538,
    0.7439357238072976,
    0.6768693100003635,
    0.5971033228378669,
    0.49473757895768855,
    0.6175191782268823,
    0.6158812025598451,
    0.8666536293777765,
    0.854261241999327,
    0.8256266815405265,
    0.6044649172062967,
    0.720068231809373,
    0.5060464700355249,
    0.5199327312555968,
    0.5515690009091415,
    0.5757874279629951,
    0.5311750286057884,
    0.5382845615055046,
    0.5032387288177714,
    0.5082066770569951,
    0.5061893075996754,
    0.5173847171313622,
    0.5246078230294526,
    0.529215548406629,
    0.5402180619683921,
    0.5487049036458427,
    0.547807858562937,
    0.5483439298821431,
    0.5488374205488785
  ],
  "val_f1": [
    0.5065188302242231,
    0.6102959096804356,
    0.6283219574554965,
    0.6704800329033824,
    0.9598683541131114,
    0.8367583954153568,
    0.92756433433614,
    0.41760655287994025,
    0.4948975717776996,
    0.3336210914747495,
    0.7641962395717276,
    0.6318732042081406,
    0.5219482263580603,
    0.6014405965449644,
    0.29950533875573015,
    0.3456615250980263,
    0.33787289444605717,
    0.2685067900100012,
    0.7981115141774571,
    0.592866521625763,
    0.27849973152999635,
    0.323460009453065,
    0.2580511571237955,
    0.38079816190114685,
    0.37829695020400167,
    0.47668837022613364,
    0.3217101389323714,
    0.3341779369636948,
    0.2103651561932536,
    0.22042592061898003,
    0.19602711673723142,
    0.3561860119791812,
    0.22317197811758377,
    0.3896078574149346,
    0.3588071434585515,
    0.3615214676860425,
    0.32818884768838646,
    0.3565606600580311,
    0.366396114024452,
    0.3807352345458881,
    0.38670422183008113,
    0.4069142230961947,
    0.40276528758198815,
    0.3922329673631077,
    0.38812446416389895,
    0.38135187510113944,
    0.3720548039117875,
    0.36874540837594644,
    0.3700637838110005,
    0.3695398119070292
  ],
  "val_prec": [
    0.348610483801036,
    0.4446184986675279,
    0.4659791042428802,
    0.5120718718361331,
    0.9273038679626838,
    0.7608211413278065,
    0.8864534738637789,
    0.2675754890957906,
    0.3400740791988256,
    0.20167796381430367,
    0.6343644926522541,
    0.4632620372927578,
    0.35452075553672674,
    0.43139928849725223,
    0.1766773787489047,
    0.21031997342867934,
    0.20385104168324508,
    0.15725732029714332,
    0.7142674187816737,
    0.5490439992719438,
    0.1699638117341005,
    0.21482344403300405,
    0.1566894739335858,
    0.23925831297171574,
    0.24643818776718654,
    0.3396383417614304,
    0.20357926177793412,
    0.2158854215439173,
    0.12585717685814304,
    0.13518194656505375,
    0.11301239502475763,
    0.2356069776190943,
    0.1300374508932667,
    0.25796545919658675,
    0.22561220487503342,
    0.23218378673990578,
    0.20503226672250058,
    0.23046011459183866,
    0.2357912705032843,
    0.24880255334496598,
    0.25575295598832887,
    0.27408385787584616,
    0.2712007954953179,
    0.2620789349999378,
    0.25852720387285233,
    0.2531537729687452,
    0.24515391294179387,
    0.24197855810214172,
    0.2433305797692238,
    0.24287496750385182
  ],
  "val_rec": [
    0.937931643529243,
    0.9809316122860194,
    0.9704075947004076,
    0.9777819730388718,
    0.9954118903919932,
    0.9342838599168574,
    0.9737688657172001,
    0.9637611225959883,
    0.9116656605993929,
    0.9843855938417084,
    0.9627397829114763,
    0.9959383313744594,
    0.9947789478047374,
    0.9965568299639695,
    0.9973843465168477,
    0.9801194849992383,
    0.9964663028057795,
    0.9316548327865027,
    0.9079401115096405,
    0.6474928942613725,
    0.7796891625091487,
    0.6617565836708049,
    0.7371215392210709,
    0.9372615803975549,
    0.8181069620430255,
    0.8018863175312806,
    0.7735914245348682,
    0.7469208742427731,
    0.6484210346785598,
    0.6050210362968809,
    0.7507154244257693,
    0.7384559944058128,
    0.8005167696388918,
    0.8082315478578033,
    0.8885349348068287,
    0.8271458966422103,
    0.8333629657555317,
    0.8004886646859737,
    0.8343138075931842,
    0.8264120410001189,
    0.807596792128031,
    0.8035321312653138,
    0.7956680339818477,
    0.7934618718046209,
    0.7926016273582296,
    0.7867853196336851,
    0.7859105346307751,
    0.7894732724695082,
    0.7872386872698479,
    0.7872797178603385
  ],
  "val_born": [
    0.9372889593130387,
    0.9797709042201408,
    0.9795349199395584,
    0.984174944827851,
    0.9953802519049617,
    0.9359205078971711,
    0.9759349468925704,
    0.9569128205354244,
    0.912299113591597,
    0.9872379748254806,
    0.961830715623324,
    0.9961641378889491,
    0.9951586710715197,
    0.9967809232548609,
    0.9976748439734706,
    0.9782975344144326,
    0.9963884306988466,
    0.9317156050736597,
    0.921399353957211,
    0.6560824379114593,
    0.7909429546867867,
    0.6634699195331138,
    0.758554774318673,
    0.9400585628673542,
    0.8306706027366283,
    0.8074358310059062,
    0.7925067147496029,
    0.7679640205389979,
    0.6697888361257774,
    0.6236747713269063,
    0.7704288134612542,
    0.7598455998640077,
    0.8157019917793676,
    0.8206517462516149,
    0.900556639123128,
    0.8455104891416724,
    0.8509608817965247,
    0.8119795850335747,
    0.8462552821107571,
    0.8313603048574911,
    0.811587030151851,
    0.806948172309298,
    0.7993734340041653,
    0.7977109840004624,
    0.7970273969033466,
    0.7917382927006117,
    0.791493878462925,
    0.794989004888768,
    0.7927333164470605,
    0.7928767539854046
  ],