{
  "train_loss": [
    0.20296182659253797,
    0.18350315715389948,
    0.18123380818513268,
    0.18025178046974868,
    0.1796367563809225,
    0.1793081346628672,
    0.1788870537689318,
    0.17865642067921264,
    0.17896774656282677,
    0.1783246894415761,
    0.1785496259132722,
    0.17836968324262484,
    0.17786834327560822,
    0.17775248522187787,
    0.17760386684468513,
    0.1776467360497239,
    0.17775956821432679,
    0.17758370745796703,
    0.1772562837607438,
    0.17717530149062147,
    0.17728982279746658,
    0.17742775777676612,
    0.1771124926419199,
    0.17717208135361326,
    0.1769675967845425,
    0.177009953377298,
    0.17686849507255395,
    0.17691182044829287,
    0.17693994380183178,
    0.17679683759802933,
    0.17685044195964275,
    0.17673155302542873,
    0.17670671954207012,
    0.17668124826433607,
    0.17666502852142868,
    0.17664120839554698,
    0.17662193220968214,
    0.176575041210961,
    0.17655671586163024,
    0.17656309568976208,
    0.1765684283257518,
    0.17654825466599822,
    0.17651341577916832,
    0.17651868966857787,
    0.1765103678832074,
    0.17650063605092278,
    0.17650248415383982,
    0.1764963801121595,
    0.17649647684912956,
    0.17647755308666307
  ],
  "val_loss": [
    0.3466972234660883,
    0.5210807648167681,
    0.5737124305289946,
    0.8255897892563582,
    0.7006291816992037,
    0.793684996648638,
    0.5532923532701505,
    0.8015273462480573,
    0.7181476843890859,
    0.6044286858044199,
    0.7568872468049592,
    0.2796758052382642,
    0.5681804659397109,
    0.31846172742243767,
    0.48889352454305457,
    0.206298135141574,
    0.3241651738122074,
    0.23324438329063243,
    0.5416102220000488,
    0.24383390200798954,
    0.27035387375080255,
    0.2482401971051942,
    0.3267993620717958,
    0.20940165170855612,
    0.2695796306707712,
    0.20011321561677115,
    0.25846464474445213,
    0.18914520912078905,
    0.21922946443308644,
    0.18704014883112552,
    0.2159542192591787,
    0.19071288972394043,
    0.1926299301800189,
    0.21317395675919457,
    0.1890284873402195,
    0.19127149813210786,
    0.18712011440349285,
    0.1851350647617759,
    0.18394919019391034,
    0.1843122750965517,
    0.18560921033816552,
    0.18435786565992116,
    0.18365185420269142,
    0.18401202289407442,
    0.18405759750780012,
    0.18378414610809862,
    0.18374353605928198,
    0.1837503967572377,
    0.18363173426722668,
    0.18364126999368038
  ],
  "val_acc": [
    0.8687802495986923,
    0.8537087871321737,
    0.8648865967671245,
    0.8473941075013899,
    0.8514643932964756,
    0.8565563301541912,
    0.8752815870842191,
    0.8537754529574787,
    0.8704695516049481,
    0.8752917220343405,
    0.853973348384727,
    0.8961811631218966,
    0.8719476435992763,
    0.8974929307061218,
    0.8807195010724098,
    0.9123331568896897,
    0.896876786690531,
    0.9099277053306352,
    0.8780083061535475,
    0.9048500737147545,
    0.9030524766775591,
    0.9049319605837499,
    0.902356219190016,
    0.9121777139492889,
    0.9066414304379461,
    0.9141632097362201,
    0.9095964524537515,
    0.9188825814708718,
    0.9116068931022433,
    0.9194802688891446,
    0.9136753180133763,
    0.9180631365603221,
    0.9168298231767439,
    0.9157092942357826,
    0.9186828413497664,
    0.9186227962152281,
    0.9190543029608249,
    0.9199646785060989,
    0.9202763171338323,
    0.9202087287709657,
    0.9200192736918484,
    0.9202809673128352,
    0.9202966195688065,
    0.9202535660790482,
    0.9202769973130622,
    0.9203431160211055,
    0.9203608907870392,
    0.9203778882779038,
    0.9204176443217914,
    0.9204153474460024
  ]
}