{
  "train_loss": [
    0.1994714645388015,
    0.19898356609627527,
    0.19943391993977583,
    0.1988283811424386,
    0.19879078366624214,
    0.1987719048763685,
    0.1987457029663504,
    0.19873054640648477,
    0.19870011783503577,
    0.19870515518936374,
    0.19869091506382414,
    0.19866626760058842,
    0.19865591400520846,
    0.19865775746220732,
    0.1986513211677558,
    0.19865184235975689,
    0.19864371571321834,
    0.19866835610033942,
    0.19867482753002458,
    0.19868695711397422,
    0.19865330195044728,
    0.19867163227687057,
    0.19864427151103572,
    0.1986507711806165,
    0.19862725479815613,
    0.1986388667798125,
    0.19861015225510456,
    0.19862921140842668,
    0.19860744033415562,
    0.19860959636689884,
    0.19859032391003967,
    0.19859042666865387,
    0.19858695345848437,
    0.1985921391142303,
    0.19857991284059692,
    0.1985835256361672,
    0.1985753177563487,
    0.19857076020908107,
    0.19856954101260035,
    0.19856828766224496,
    0.19856596982148533,
    0.19856833887368802,
    0.19856877659852626,
    0.19856621234627694,
    0.19856483693294344,
    0.19856525131176828,
    0.19856574914484337,
    0.198566754430894,
    0.19856467772036326,
    0.19856595307381975
  ],
  "val_loss": [
    0.21728497677866151,
    0.21252715646051892,
    0.2116304234985043,
    0.2099254826704661,
    0.2085525160472767,
    0.20797799038244227,
    0.2074570497315304,
    0.2067063409908145,
    0.20594657066405989,
    0.205181327739767,
    0.20477647736084229,
    0.20430763116946407,
    0.2039554871472658,
    0.20382305307715548,
    0.2029626086062076,
    0.2035532053194794,
    0.20215582467761695,
    0.20338802061536732,
    0.20167729930550443,
    0.2031330383729701,
    0.201504662779032,
    0.2027061363937808,
    0.20134934395843862,
    0.202288190012469,
    0.2011908472460859,
    0.20200757214836046,
    0.20118297541550562,
    0.20196120207216225,
    0.20120328511385357,
    0.20169124343231612,
    0.20114129233886213,
    0.20171595445158436,
    0.20113883912563324,
    0.20161039301869915,
    0.20120802200308033,
    0.20157762836007512,
    0.201276594298143,
    0.20144318102621564,
    0.20124414672746377,
    0.2013748007662156,
    0.2012844745288877,
    0.20146692960577853,
    0.2013707393962963,
    0.20132729118945553,
    0.2013490308149188,
    0.20131514951878904,
    0.20137026986362888,
    0.2013473355886983,
    0.20136391064699957,
    0.20136960325580017
  ],
  "p_sample": [
    0.0,
    0.02040816326530612,
    0.04081632653061224,
    0.061224489795918366,
    0.08163265306122448,
    0.10204081632653061,
    0.12244897959183673,
    0.14285714285714285,
    0.16326530612244897,
    0.1836734693877551,
    0.20408163265306123,
    0.22448979591836735,
    0.24489795918367346,
    0.2653061224489796,
    0.2857142857142857,
    0.30612244897959184,
    0.32653061224489793,
    0.3469387755102041,
    0.3673469387755102,
    0.3877551020408163,
    0.40816326530612246,
    0.42857142857142855,
    0.4489795918367347,
    0.46938775510204084,
    0.4897959183673469,
    0.5102040816326531,
    0.5306122448979592,
    0.5510204081632653,
    0.5714285714285714,
    0.5918367346938775,
    0.6122448979591837,
    0.6326530612244898,
    0.6530612244897959,
    0.673469387755102,
    0.6938775510204082,
    0.7142857142857143,
    0.7346938775510204,
    0.7551020408163265,
    0.7755102040816326,
    0.7959183673469388,
    0.8163265306122449,
    0.8367346938775511,
    0.8571428571428571,
    0.8775510204081632,
    0.8979591836734694,
    0.9183673469387755,
    0.9387755102040817,
    0.9591836734693877,
    0.9795918367346939,
    1.0
  ],
  "val_f1": [
    0.9878440828414263,
    0.9973714802953666,
    0.9949680727038543,
    0.9970865019813085,
    0.9976656658428164,
    0.9978444970865041,
    0.9979529277609787,
    0.9980649056445259,
    0.9981717503205073,
    0.9981500103639153,
    0.9981654134307176,
    0.9981678974376597,
    0.9981656420806746,
    0.9982244225675359,
    0.9982890513274495,
    0.9983180678116826,
    0.9984015495530344,
    0.9983732398855361,
    0.9984477683763876,
    0.9983152131539424,
    0.998459765941593,
    0.9982645070411437,
    0.998452465237715,
    0.998247243406302,
    0.9984482745988661,
    0.9983252284545441,
    0.998445481097257,
    0.998345923984642,
    0.998468712832859,
    0.9983898391306908,
    0.9984505411659186,
    0.9983971038765861,
    0.9984596758450798,
    0.998438458663749,
    0.9984957813073785,
    0.9984732165699688,
    0.9984983051668317,
    0.9984676657755823,
    0.9984927362163498,
    0.9984815786836908,
    0.9985204430572128,
    0.9985313352060244,
    0.9985376908464305,
    0.9985326234110712,
    0.9985322232183702,
    0.9985301916088215,
    0.9985322776554849,
    0.9985318008865885,
    0.9985318008865885,
    0.9985322076961087
  ],
  "val_prec": [
    0.9962038830043718,
    0.9969654142340308,
    0.9967652981700084,
    0.9969838944949668,
    0.9970400808561711,
    0.9970652149661615,
    0.9970727546896164,
    0.9970768739327914,
    0.9970788694193533,
    0.997072315528934,
    0.997071414209519,
    0.997062526043161,
    0.9970455795922931,
    0.9970545757784437,
    0.9970445890289772,
    0.9970714990323145,
    0.9970819786321811,
    0.9970973281046449,
    0.9971084865029957,
    0.997122373058271,
    0.997117582210398,
    0.9971421985228218,
    0.9971296411158728,
    0.997162804550203,
    0.9971478602680571,
    0.9971773971147991,
    0.9971623924928344,
    0.997199622167229,
    0.9971808840967311,
    0.9972232648174759,
    0.9972137552161167,
    0.9972589200893963,
    0.9972374103208134,
    0.9973060723364362,
    0.9972863553745162,
    0.9973502472867921,
    0.9973009901524824,
    0.9973137785803476,
    0.9973075622698591,
    0.9973157482922352,
    0.9973490785455182,
    0.9973900097492194,
    0.9973821425793002,
    0.9973795759457049,
    0.9973795759457049,
    0.9973787739717914,
    0.9973830403640933,
    0.9973803504251023,
    0.9973803504251023,
    0.9973811525286704
  ],
  "val_rec": [
    0.979676760875116,
    0.9978072190584885,
    0.9932128994495443,
    0.9972185630409615,
    0.9983192678378836,
    0.9986517089748355,
    0.998861184249657,
    0.9990814413207101,
    0.9992941024564913,
    0.9992568445200175,
    0.9992888242796808,
    0.9993031236122099,
    0.9993156902176067,
    0.9994244206144026,
    0.9995641755762414,
    0.9995952154459847,
    0.9997526993458319,
    0.9996801397033496,
    0.9998190599970873,
    0.9995384129486901,
    0.9998339276591721,
    0.9994164719483443,
    0.9998073087923274,
    0.9993611633162132,
    0.9997805016714325,
    0.9995028935885956,
    0.9997601627853838,
    0.9995219734611592,
    0.9997880631220869,
    0.9995862736948159,
    0.9997181365122376,
    0.9995645719230957,
    0.9997124722313139,
    0.9995996066410519,
    0.9997351285463539,
    0.9996245704180534,
    0.9997253291056672,
    0.9996505956691429,
    0.999707326361802,
    0.999676632475188,
    0.9997208232478831,
    0.9997008964302256,
    0.9997217390788805,
    0.9997142333178749,
    0.9997134333895484,
    0.9997101875751697,
    0.9997100429929808,
    0.9997118058608893,
    0.9997118058608893,
    0.9997118058608893
  ],