{
  "train_loss": [
    38203530.19126873,
    41523543.033289686,
    28691169.486977655,
    21575346.280971624,
    16392806.436618924,
    11833459.639974311,
    8796466.963377552,
    7017765.6166100055,
    4872489.885312483,
    3679291.3684098683,
    2792907.780051808,
    2249986.862124166,
    1733803.8129893362,
    1108228.082021522,
    978033.5473017215,
    666975.0182879281,
    688940.5413348251,
    403197.2100501883,
    342600.0576125025,
    294822.1282415905,
    259565.4673736732,
    202196.08863585716,
    179466.63206172394,
    155261.09555644065,
    140281.3371143518,
    121482.1730395309,
    126640.06687355063,
    84715.98381750633,
    93126.11342182665,
    91984.15983932784,
    69113.50944448593,
    79619.34579812562,
    65437.09789963235,
    62003.74871334591,
    50259.58950086487,
    56027.62822549504,
    42089.544047287534,
    49213.24556859566,
    39720.8352869767,
    41497.47484622997,
    37040.062034928706,
    30870.625563630038,
    33078.58800512619,
    30206.05797165453,
    32494.360092396128,
    25124.810859468198,
    30340.95562397515,
    29944.712388355034,
    23414.171611048227,
    23166.218691573555,
    21443.275804502846,
    20104.95111726516,
    19444.702423962884,
    23367.55071112536,
    19446.54057035612,
    17144.52269119338,
    16693.259620295208,
    17172.850742614584,
    16212.472955438092,
    16377.080603875387,
    14757.626771802292,
    14387.203570441196,
    15489.682322816965,
    16350.776209712029,
    14284.65426609458,
    14236.529110425845,
    13118.529861200574,
    12579.559842090857,
    11382.779566273206,
    14319.346394149881,
    13626.171767808664,
    10929.07494998247,
    13340.114867952982,
    13994.676593343342,
    11562.83233422153,
    11027.957767518392,
    10423.098629642922,
    10052.111587637126,
    10338.4419986516,
    10712.443795901492
  ],
  "val_loss": [
    1.0159866289889559,
    0.9799812829240839,
    0.9849433290197495,
    0.9696875734532133,
    0.9694725921813477,
    0.9623760517607344,
    0.9596904896675272,
    0.9598478446615503,
    0.9602171880133609,
    0.9674040205935215,
    0.9591948973371628,
    0.9566664036284102,
    0.9576374457237569,
    0.963636206819656,
    0.9570998004142274,
    0.9552424156919439,
    0.9562615600038082,
    0.9605326031116729,
    0.9593555876549255,
    0.9552426490377872,
    0.9571181751312093,
    0.9587913168237564,
    0.9597677258735008,
    0.9559476413625352,
    0.9555879996177998,
    0.9588918660549407,
    0.9558095627642692,
    0.957925872599825,
    0.961743988889329,
    0.9532940539907901,
    0.9549485812795923,
    0.9561657512441595,
    0.9567355919391551,
    0.9541047088643337,
    0.9544729019733186,
    0.9551899699454612,
    0.9587864305110688,
    0.9550574891110684,
    0.9566235516933684,
    0.953108659450044,
    0.9557093496018267,
    0.9550922753963065,
    0.9540423535286112,
    0.9571612008074497,
    0.953656886486297,
    0.9540123508331624,
    0.9552395762281215,
    0.9486382337326699,
    0.9466974164577241,
    0.9493746516552377,
    0.9489008708203093,
    0.9457207968894471,
    0.9509002693155979,
    0.9550575867612311,
    0.9560943245887756,
    0.9493908729959042,
    0.9549862387332511,
    0.9560159368717924,
    0.9473375931699225,
    0.9549221992492676,
    0.9720620690508092,
    0.9599679683117156,
    0.950103962675054,
    0.9586869922090084,
    0.9590809408654558,
    0.9660107074899876,
    0.9713737026174017,
    0.9649157929927745,
    0.9763374797841335,
    0.9694607435388768,
    0.9675410427945725,
    0.9663132581304996,
    0.9686602404777039,
    0.9714247660433992,
    0.9647703690731779,
    0.9607958261002886,
    0.9627143246062259,
    0.9620367909999604,
    0.958918495381132,
    0.9592683366004456
  ]
}