{
  "train_loss": [
    503609950.3188688,
    281454194.5073097,
    274938234.9914723,
    223125687.1649287,
    162491059.49322668,
    115731408.09528157,
    108300274.05056344,
    110036703.54171374,
    70627090.29330082,
    84014740.57370162,
    53282106.234607294,
    69778807.07093914,
    38329054.79949416,
    52803645.569994316,
    29835913.544644047,
    35600451.70106459,
    34011503.287257634,
    25419720.29195243,
    26885400.37597174,
    19287569.810879428,
    21140417.027766507,
    16711352.448671065,
    20829180.569000028,
    12459524.09829753,
    13689709.626705434,
    10519423.565051572,
    12056144.388402972,
    8390973.704115463,
    9605692.392278839,
    8159950.576314944,
    7629680.229034492,
    7588252.152588732,
    5508149.410534674,
    6314590.036800599,
    4736908.869501762,
    5939443.306707198,
    4216219.419340323,
    4381217.916013144,
    4153427.965564501,
    3673852.6392643685,
    4258615.365405469,
    3749595.169609452,
    3268373.5392779303,
    3147288.975069252,
    3295604.3247768404,
    2789447.9342014426,
    3043581.5071285125,
    2914177.989832782,
    2559996.1063702484,
    2466091.59237136,
    2317964.909668428,
    2381564.507949214,
    2108282.070480625,
    2319888.9272231455,
    1988780.0735110599,
    1978054.6052307568,
    2228996.434588111,
    2058173.531389626,
    1744803.6162723058,
    1867527.1049458894,
    1871697.0704131501,
    1526150.9671737414,
    1797507.528287715,
    1729002.531012359,
    1689148.6642024142,
    1547001.6492713932,
    1701551.7988840342,
    1478093.4996765119,
    1495253.6006724883,
    1546791.3315137285,
    1505416.5637564422,
    1352507.1166871404,
    1636016.8991834968,
    1479360.5162872504,
    1416041.4566471803,
    1480568.4405314678,
    1338679.7162634006,
    1542458.310298094,
    1470755.7741806065,
    1450158.882209259
  ],
  "val_loss": [
    1.319417377735706,
    1.1323818995597514,
    1.0325038864257488,
    1.0044376279445404,
    0.9940931429254248,
    0.9827043629707174,
    0.9905376408962493,
    0.9830817656314119,
    0.997726136065544,
    0.993677703624076,
    0.9854163971353085,
    0.9718363855747466,
    0.9826813986960877,
    0.9808980530880868,
    0.9796025841794116,
    0.9873798857343957,
    0.9771637853155745,
    0.9799911468587024,
    0.9686331343143544,
    0.9759986933241499,
    0.9841945868857364,
    0.9738198531434891,
    0.9951914929329081,
    0.9644330701929458,
    0.9737770405221493,
    0.987513117333676,
    0.9730563163757324,
    0.970239372963601,
    0.9668488705411871,
    0.9885807405126855,
    0.9662359737335368,
    0.9637588287921662,
    0.9718461277637076,
    0.9721090286336047,
    0.9566159311761248,
    0.9690749860824422,
    0.9543770818000145,
    0.9549531873236311,
    0.9551963603242914,
    0.954196831013294,
    0.9580642542940505,
    0.9605241481294023,
    0.9546421525326181,
    0.9543813137297935,
    0.9533398455761849,
    0.954813670604787,
    0.9534325663079607,
    0.9531235441248468,
    0.9530406860595054,
    0.9547691446669558,
    0.9570184933378342,
    0.9576380443065724,
    0.9572860991701166,
    0.9599208616195841,
    0.960604190826416,
    0.9724815069360936,
    0.9665853431884278,
    0.9616445581963722,
    0.9606430593957292,
    0.9661998444415153,
    0.9583082579551859,
    0.9615931092424596,
    0.9581501547326433,
    0.9617974035283352,
    0.9589310174292707,
    0.9587723156239124,
    0.9603885792671366,
    0.9600944265406183,
    0.9640975670611605,
    0.9554603911460714,
    0.9611472753768272,
    0.9579929379706688,
    0.9597016928043771,
    0.9599477788235279,
    0.9597065448760986,
    0.9578560083470447,
    0.9577837193265875,
    0.9672022702846121,
    0.956509105702664,
    0.957736998162371
  ]
}