{
  "train_loss": [
    1.0258488578903944,
    0.9799449703747168,
    0.9744804127323896,
    0.9723182502097654,
    0.9715108582399842,
    0.9696476528967234,
    0.9658186395365492,
    0.9598257241392494,
    0.9566479112420764,
    0.9536140817672687,
    0.9514397678518653,
    0.948770661103098,
    0.94752088570057,
    0.9465672196750354,
    0.9453907891323692,
    0.9438763270924863,
    0.9434097131392113,
    0.9419654540549544,
    0.9387779103634053,
    0.9365862248311365,
    0.9306411180729256,
    0.9278845361300877,
    0.9249410313323028,
    0.9233184541974749,
    0.9202896646763149,
    0.918597418114655,
    0.9169310359354306,
    0.9153534467507126,
    0.913364961631316,
    0.9108924567699432,
    0.9073368152953628,
    0.904819915617319,
    0.900436816246886,
    0.8978683690827592,
    0.895723894798666,
    0.8931626329072436,
    0.8902924956011593,
    0.8873822114297322,
    0.8849164972403892,
    0.8834896986197708,
    0.8821387217008978,
    0.8789905183073273,
    0.8781951275983251,
    0.8766173579190907,
    0.8746631939832429,
    0.8728809261456468,
    0.8716659386803333,
    0.8698023549820247,
    0.868640875457821,
    0.8663925618157351,
    0.8659060953703142,
    0.8650871486143958,
    0.8642672069538805,
    0.862364903876656,
    0.8607717603445053,
    0.8613220814027285,
    0.858727471944981,
    0.8585119742648046,
    0.8571077624433919,
    0.8572656542510915,
    0.8562258858429758,
    0.8556991785316539,
    0.8548401407057181,
    0.8535073066788509,
    0.8534146520428192,
    0.8532433380982033,
    0.8527063096600368,
    0.8517569358411589,
    0.852467876739968,
    0.851517570422108,
    0.8505804816583046,
    0.8503893349403725,
    0.8502869849142275,
    0.8495241832688338,
    0.8498424051847673,
    0.849454427796199,
    0.8491904957402021,
    0.8492483282671835,
    0.8495628090953469,
    0.8487487261680732
  ],
  "val_loss": [
    0.9615707346733581,
    0.9656021544273864,
    0.9536417367610526,
    0.9533054727189084,
    0.952201394324607,
    0.9918515174946887,
    0.954796165861982,
    0.9607803961063953,
    0.9395435591961475,
    0.93278598658582,
    0.9347282812950459,
    0.9298898514280928,
    0.9359643383229033,
    0.9326494577083182,
    0.9330423385538953,
    0.9268154730188086,
    0.9359812685783874,
    0.9321431365418942,
    0.9281433389541951,
    0.931708498204008,
    0.9135306629728763,
    0.9117364249330886,
    0.9123327516494913,
    0.9102894372128426,
    0.9306076879196978,
    0.90777939177574,
    0.9117933828779992,
    0.9025273285013564,
    0.9130835292187143,
    0.9141196621225235,
    0.929303841387972,
    0.891291357101278,
    0.8895651241566273,
    0.8864262471807763,
    0.8846176596398049,
    0.8883356743670524,
    0.8852975723591257,
    0.8789151399693591,
    0.8857456356921094,
    0.8775322170967751,
    0.8786304326767617,
    0.8779817553276711,
    0.8894084780774218,
    0.8729642084304322,
    0.8724618059523562,
    0.8693285203994588,
    0.8881872296333313,
    0.8685359371469376,
    0.8695006116907648,
    0.8691235653897549,
    0.8782942079483195,
    0.8694623759452332,
    0.8707274020986354,
    0.8685350139090355,
    0.8721616230112441,
    0.8705575504201524,
    0.8857968563729144,
    0.8713416013311832,
    0.8691513157905416,
    0.8687950068331779,
    0.875557025696369,
    0.874016468829297,
    0.8693602275341115,
    0.8694419036520288,
    0.8678024994566086,
    0.8713234447418375,
    0.8684882255310707,
    0.8698313667419109,
    0.8729075142677795,
    0.8671591243845351,
    0.873296246883717,
    0.8695900452897903,
    0.8678043991961377,
    0.8743208355091988,
    0.8709511553987543,
    0.8688260126621166,
    0.8733548750268653,
    0.8683163561719529,
    0.868345746334563,
    0.8706751579933978
  ]
}